City,Lat,Lng,Max Temp,Humidity,Cloudiness,Wind Speed,Country,Date
yellowknife,62.456,-114.3525,-5.8,79.0,13.0,4.92,CA,1651227150.0
ushuaia,-54.8,-68.3,5.81,70.0,40.0,12.86,AR,1651227150.0
torbay,47.6666,-52.7314,3.15,95.0,100.0,4.02,CA,1651227150.0
beringovskiy,63.05,179.3167,-2.92,96.0,100.0,6.42,RU,1651227150.0
hilo,19.7297,-155.09,21.0,93.0,40.0,1.54,US,1651227150.0
aksu,41.1231,80.2644,20.47,26.0,3.0,1.82,CN,1651227150.0
rikitea,-23.1203,-134.9692,25.12,63.0,8.0,8.28,PF,1651227150.0
pershotravneve,51.3929,28.8684,13.22,41.0,36.0,2.9,UA,1651227150.0
whitehorse,60.7161,-135.0538,-1.06,65.0,61.0,0.89,CA,1651227150.0
kushima,31.4583,131.2333,17.14,79.0,51.0,4.38,JP,1651227150.0
tautira,-17.7333,-149.15,26.96,75.0,13.0,9.38,PF,1651227150.0
busselton,-33.65,115.3333,16.44,66.0,95.0,2.9,AU,1651227150.0
lundazi,-12.2929,33.1782,21.49,64.0,78.0,2.44,ZM,1651227151.0
kruisfontein,-34.0033,24.7314,22.16,64.0,11.0,12.77,ZA,1651227151.0
do gonbadan,30.3586,50.7981,27.32,28.0,100.0,8.3,IR,1651227151.0
moyale,3.5167,39.0584,24.09,68.0,89.0,3.71,KE,1651227151.0
nikolskoye,59.7035,30.7861,3.3,95.0,98.0,4.08,RU,1651227151.0
chuy,-33.6971,-53.4616,7.46,76.0,0.0,3.21,UY,1651227151.0
arraial do cabo,-22.9661,-42.0278,23.92,94.0,20.0,3.6,BR,1651227151.0
korla,41.7597,86.1469,19.13,19.0,62.0,2.92,CN,1651227151.0
baran,25.1,76.5167,43.03,8.0,1.0,2.78,IN,1651227151.0
illoqqortoormiut,,,,,,,,
port hedland,-20.3167,118.5667,23.03,83.0,100.0,5.66,AU,1651227151.0
tiksi,71.6872,128.8694,-2.75,87.0,100.0,3.94,RU,1651227151.0
tasiilaq,65.6145,-37.6368,-0.91,77.0,77.0,0.61,GL,1651227151.0
port alfred,-33.5906,26.891,21.21,77.0,26.0,4.92,ZA,1651227152.0
cap malheureux,-19.9842,57.6142,28.04,65.0,1.0,4.02,MU,1651227152.0
meulaboh,4.1363,96.1285,28.18,78.0,100.0,1.06,ID,1651227152.0
los llanos de aridane,28.6585,-17.9182,17.29,89.0,40.0,5.66,ES,1651227152.0
spornoye,50.8448,37.2913,12.65,48.0,25.0,4.51,RU,1651227152.0
ahipara,-35.1667,173.1667,14.49,86.0,13.0,3.73,NZ,1651227152.0
east london,-33.0153,27.9116,26.05,53.0,4.0,9.12,ZA,1651227152.0
taolanaro,,,,,,,,
panalingaan,8.7842,117.4231,28.03,81.0,100.0,1.5,PH,1651227152.0
silver city,32.7701,-108.2803,10.04,18.0,0.0,5.14,US,1651227152.0
belushya guba,,,,,,,,
vaini,-21.2,-175.2,26.09,73.0,75.0,5.14,TO,1651227152.0
nacala,-14.5428,40.6728,27.62,65.0,75.0,7.2,MZ,1651226877.0
hobart,-42.8794,147.3294,17.17,82.0,75.0,5.14,AU,1651227000.0
zorritos,-3.6805,-80.6782,22.66,78.0,40.0,0.7,PE,1651227153.0
victoria point,-27.5833,153.3,20.71,92.0,6.0,3.65,AU,1651227153.0
porto santo,33.072,-16.3415,17.21,67.0,40.0,5.66,PT,1651227144.0
grand river south east,,,,,,,,
albany,42.6001,-73.9662,0.28,49.0,0.0,5.28,US,1651227153.0
leningradskiy,69.3833,178.4167,-4.27,97.0,100.0,1.88,RU,1651227153.0
cacu,-18.5567,-51.1308,19.4,64.0,39.0,1.09,BR,1651227153.0
nanortalik,60.1432,-45.2371,3.13,82.0,98.0,1.05,GL,1651227153.0
sao joao da barra,-21.6403,-41.0511,23.05,87.0,0.0,4.4,BR,1651227153.0
severo-kurilsk,50.6789,156.125,0.36,91.0,54.0,4.3,RU,1651227153.0
souillac,-20.5167,57.5167,28.21,65.0,40.0,5.66,MU,1651227153.0
barentsburg,,,,,,,,
tuktoyaktuk,69.4541,-133.0374,-12.55,96.0,66.0,4.12,CA,1651227153.0
provideniya,64.3833,-173.3,-0.39,98.0,100.0,4.96,RU,1651227061.0
faanui,-16.4833,-151.75,27.73,71.0,1.0,10.12,PF,1651227154.0
georgetown,5.4112,100.3354,30.96,74.0,20.0,3.6,MY,1651227055.0
saldanha,-33.0117,17.9442,16.45,76.0,100.0,3.69,ZA,1651227154.0
punta arenas,-53.15,-70.9167,4.06,75.0,40.0,3.6,CL,1651227154.0
kaitangata,-46.2817,169.8464,8.25,93.0,16.0,1.33,NZ,1651227154.0
iralaya,15.0,-83.2333,25.13,78.0,100.0,3.88,HN,1651227154.0
bredasdorp,-34.5322,20.0403,18.25,64.0,29.0,7.98,ZA,1651227154.0
eureka,40.8021,-124.1637,4.84,86.0,39.0,1.91,US,1651227154.0
puerto ayora,-0.7393,-90.3518,21.4,92.0,24.0,3.02,EC,1651227154.0
jamestown,42.097,-79.2353,-1.25,86.0,0.0,2.06,US,1651227154.0
smiths falls,44.9001,-76.0161,-0.47,82.0,2.0,3.81,CA,1651227154.0
barrow,71.2906,-156.7887,-13.99,85.0,100.0,5.14,US,1651227154.0
ribeira grande,38.5167,-28.7,17.22,94.0,40.0,7.2,PT,1651227154.0
alghero,40.5589,8.3181,23.05,31.0,0.0,5.66,IT,1651227155.0
faya,18.3851,42.4509,22.29,36.0,48.0,6.07,SA,1651227155.0
pangody,65.85,74.4859,-3.77,86.0,100.0,4.7,RU,1651227155.0
sayyan,15.1718,44.3244,22.59,24.0,20.0,3.18,YE,1651227155.0
mataura,-46.1927,168.8643,9.71,98.0,11.0,1.63,NZ,1651227155.0
te anau,-45.4167,167.7167,9.91,92.0,100.0,1.03,NZ,1651227155.0
saint-philippe,-21.3585,55.7679,28.14,77.0,46.0,6.03,RE,1651227155.0
srednekolymsk,67.45,153.6833,-8.85,94.0,100.0,2.71,RU,1651227155.0
caravelas,-17.7125,-39.2481,23.61,88.0,8.0,0.99,BR,1651227155.0
osa,57.2829,55.4567,5.54,42.0,100.0,3.37,RU,1651227016.0
dangriga,16.9692,-88.2321,25.82,82.0,35.0,2.84,BZ,1651227155.0
tamale,9.4008,-0.8393,30.93,44.0,100.0,1.61,GH,1651227155.0
grindavik,63.8424,-22.4338,9.26,93.0,75.0,3.09,IS,1651227156.0
samusu,,,,,,,,
tarbes,43.25,0.1667,15.26,88.0,100.0,2.06,FR,1651227077.0
mar del plata,-38.0023,-57.5575,6.04,90.0,40.0,4.02,AR,1651227156.0
myitkyina,25.3833,97.4,41.49,14.0,7.0,0.51,MM,1651227156.0
cape town,-33.9258,18.4232,15.44,89.0,100.0,5.66,ZA,1651226611.0
kota belud,6.351,116.4305,27.33,84.0,100.0,1.32,MY,1651227156.0
iqaluit,63.7506,-68.5145,-23.5,97.0,45.0,1.21,CA,1651227156.0
hunza,,,,,,,,
pochutla,15.7432,-96.4661,24.34,70.0,1.0,0.83,MX,1651227156.0
manicore,-5.8092,-61.3003,23.01,98.0,100.0,1.23,BR,1651227156.0
sokolo,14.7328,-6.1219,33.76,18.0,17.0,1.06,ML,1651227156.0
meridian,43.6121,-116.3915,2.73,85.0,40.0,3.6,US,1651227156.0
greymouth,-42.4667,171.2,11.75,86.0,92.0,1.84,NZ,1651227156.0
taoudenni,22.6783,-3.9836,34.01,9.0,0.0,5.67,ML,1651227157.0
qaanaaq,77.484,-69.3632,-13.74,90.0,82.0,2.64,GL,1651227157.0
sechura,-5.5569,-80.8222,19.3,83.0,32.0,6.21,PE,1651227157.0
mendahara,,,,,,,,
verkhoyansk,67.5447,133.385,-4.59,83.0,97.0,1.21,RU,1651227157.0
lensk,60.7253,114.9278,5.19,88.0,100.0,2.86,RU,1651227157.0
geraldton,-28.7667,114.6,20.23,40.0,0.0,5.66,AU,1651227157.0
lagoa,39.05,-27.9833,16.48,86.0,36.0,5.06,PT,1651227158.0
inhambane,-23.865,35.3833,25.8,53.0,3.0,2.27,MZ,1651227158.0
saint george,37.1041,-113.5841,16.33,12.0,0.0,6.17,US,1651226961.0
hwange,-18.3693,26.5019,27.5,36.0,0.0,1.36,ZW,1651227158.0
katsuura,35.1333,140.3,14.01,95.0,100.0,9.87,JP,1651227158.0
novodzherelievskaya,,,,,,,,
morondava,-20.2833,44.2833,27.77,59.0,1.0,3.46,MG,1651227158.0
muhoroni,-0.1541,35.1988,25.19,74.0,31.0,1.05,KE,1651227158.0
qujing,25.4833,103.7833,28.01,20.0,15.0,7.32,CN,1651227158.0
hasaki,35.7333,140.8333,10.22,96.0,100.0,5.55,JP,1651227158.0
lompoc,34.6391,-120.4579,8.26,84.0,0.0,11.18,US,1651227158.0
narsaq,60.9167,-46.05,7.12,78.0,100.0,2.45,GL,1651227158.0
jingdezhen,29.2947,117.2079,16.1,86.0,100.0,1.29,CN,1651227159.0
fenyi,27.8112,114.6681,14.63,92.0,100.0,0.54,CN,1651227159.0
bluff,-46.6,168.3333,9.89,88.0,27.0,3.73,NZ,1651227159.0
padang,-0.9492,100.3543,31.03,78.0,95.0,1.6,ID,1651227139.0
camacha,33.0833,-16.3333,15.68,67.0,40.0,5.66,PT,1651227159.0
robertsport,6.7533,-11.3686,26.46,75.0,96.0,1.09,LR,1651227159.0
laguna,38.421,-121.4238,9.01,85.0,0.0,0.0,US,1651227159.0
kapaa,22.0752,-159.319,21.81,93.0,40.0,5.66,US,1651227159.0
ugoofaaru,5.6667,73.0,29.95,69.0,100.0,2.53,MV,1651227159.0
alofi,-19.0595,-169.9187,27.01,79.0,80.0,8.9,NU,1651227159.0
traverse city,44.7631,-85.6206,1.77,52.0,0.0,1.54,US,1651227159.0
bernalillo,35.05,-106.6673,13.45,17.0,0.0,5.66,US,1651227159.0
pevek,69.7008,170.3133,-4.38,95.0,100.0,7.18,RU,1651227060.0
port lincoln,-34.7333,135.8667,16.29,69.0,95.0,6.96,AU,1651227159.0
atuona,-9.8,-139.0333,25.98,77.0,58.0,8.15,PF,1651227159.0
winsum,53.33,6.5208,9.8,66.0,100.0,4.55,NL,1651227160.0
ojinaga,29.5667,-104.4167,20.57,56.0,0.0,0.0,MX,1651227028.0
bourail,-21.5667,165.4833,20.75,85.0,100.0,2.09,NC,1651227160.0
bosaso,11.2842,49.1816,34.37,50.0,24.0,5.67,SO,1651227160.0
cabo san lucas,22.8909,-109.9124,20.95,59.0,0.0,6.71,MX,1651226995.0
puerto madryn,-42.7692,-65.0385,5.53,46.0,4.0,4.22,AR,1651227160.0
kokoda,-8.8785,147.7407,24.05,91.0,60.0,1.75,PG,1651227160.0
mys shmidta,,,,,,,,
kiunga,-6.1219,141.2906,23.79,97.0,81.0,1.19,PG,1651227160.0
fort dodge,42.4975,-94.168,11.78,94.0,100.0,5.66,US,1651227160.0
aksarka,66.5606,67.7975,-1.65,77.0,2.0,5.87,RU,1651227161.0
tumannyy,,,,,,,,
thinadhoo,0.5333,72.9333,29.8,66.0,88.0,2.99,MV,1651227161.0
hamilton,39.1834,-84.5333,10.58,61.0,100.0,4.12,US,1651227126.0
talnakh,69.4865,88.3972,-7.66,89.0,100.0,5.69,RU,1651227161.0
san quintin,30.4833,-115.95,12.59,83.0,2.0,5.67,MX,1651227161.0
namibe,-15.1961,12.1522,28.09,52.0,27.0,3.16,AO,1651227161.0
udachnyy,66.4167,112.4,2.12,92.0,100.0,7.51,RU,1651227161.0
paradwip,,,,,,,,
safaqis,,,,,,,,
strezhevoy,60.7333,77.5889,7.35,81.0,100.0,7.63,RU,1651227161.0
comodoro rivadavia,-45.8667,-67.5,1.92,55.0,0.0,3.6,AR,1651227161.0
butembo,0.15,29.2833,16.0,98.0,100.0,0.61,CD,1651227162.0
constitucion,-35.3333,-72.4167,8.19,74.0,63.0,3.62,CL,1651227162.0
vardo,70.3705,31.1107,-2.01,86.0,40.0,9.77,NO,1651227162.0
batagay,67.6333,134.6333,-5.56,89.0,100.0,1.56,RU,1651227162.0
attawapiskat,,,,,,,,
berlevag,70.8578,29.0864,-2.03,86.0,100.0,8.75,NO,1651227163.0
furstenfeld,47.05,16.0833,19.14,35.0,6.0,3.89,AT,1651227163.0
kahului,20.8947,-156.47,23.29,75.0,40.0,5.14,US,1651227163.0
sakakah,29.9697,40.2064,28.22,24.0,0.0,3.76,SA,1651227164.0
masjed-e soleyman,,,,,,,,
zyryanka,65.75,150.85,-6.35,90.0,100.0,3.46,RU,1651227164.0
muros,42.7762,-9.0603,19.95,62.0,15.0,0.59,ES,1651227130.0
ornskoldsvik,63.2909,18.7153,4.53,38.0,0.0,5.66,SE,1651227164.0
riyadh,24.6877,46.7219,30.53,25.0,99.0,3.62,SA,1651226445.0
new norfolk,-42.7826,147.0587,16.11,80.0,99.0,0.45,AU,1651227164.0
prince rupert,54.3161,-130.3201,3.97,89.0,14.0,1.7,CA,1651227164.0
sao benedito do rio preto,-3.3336,-43.5283,23.67,96.0,98.0,0.56,BR,1651227165.0
samarai,-10.6167,150.6667,28.41,74.0,3.0,3.92,PG,1651227165.0
guiyang,26.5833,106.7167,16.27,82.0,100.0,3.0,CN,1651227093.0
sumbawa,,,,,,,,
cidreira,-30.1811,-50.2056,16.47,81.0,55.0,4.22,BR,1651227165.0
tazovskiy,67.4667,78.7,-5.09,75.0,100.0,4.03,RU,1651227165.0
pangnirtung,66.1451,-65.7125,-11.08,96.0,100.0,3.26,CA,1651227165.0
mount isa,-20.7333,139.5,25.87,65.0,42.0,2.06,AU,1651227165.0
atyrau,47.1167,51.8833,29.01,26.0,0.0,5.0,KZ,1651226965.0
norman wells,65.282,-126.8329,-3.82,91.0,64.0,1.9,CA,1651227166.0
kutum,14.2,24.6667,35.51,6.0,63.0,8.59,SD,1651227166.0
la ronge,55.1001,-105.2842,0.28,100.0,99.0,0.83,CA,1651227166.0
butaritari,3.0707,172.7902,27.66,73.0,67.0,7.14,KI,1651227166.0
saint-augustin,51.226,-58.6502,1.42,92.0,100.0,6.34,CA,1651227166.0
ostrovnoy,68.0531,39.5131,-3.81,80.0,91.0,8.8,RU,1651227166.0
sehithwa,-20.4667,22.7167,27.16,26.0,4.0,3.28,BW,1651227167.0
santa maria,-29.6842,-53.8069,10.56,96.0,16.0,2.63,BR,1651227167.0
sao filipe,14.8961,-24.4956,22.38,69.0,2.0,3.03,CV,1651227167.0
marawi,7.9986,124.2928,22.17,95.0,96.0,0.61,PH,1651227167.0
vaitupu,,,,,,,,
binga,-17.6203,27.3414,24.91,53.0,8.0,0.98,ZW,1651227167.0
karratha,-20.7377,116.8463,24.1,67.0,100.0,6.82,AU,1651227167.0
ndele,8.4109,20.6473,35.98,31.0,78.0,1.56,CF,1651227167.0
mezen,65.8522,44.24,-1.86,65.0,100.0,3.84,RU,1651227167.0
sekoma,-24.4,23.8833,23.35,35.0,51.0,5.18,BW,1651227167.0
vao,-22.6667,167.4833,23.42,70.0,100.0,13.33,NC,1651227167.0
rexburg,43.826,-111.7897,1.84,80.0,100.0,8.23,US,1651227167.0
tiarei,-17.5333,-149.3333,25.01,74.0,3.0,10.1,PF,1651227168.0
sentyabrskiy,,,,,,,,
bentiu,9.2333,29.8333,37.2,30.0,17.0,2.4,SS,1651227168.0
bethel,41.3712,-73.414,1.65,51.0,0.0,0.0,US,1651227168.0
makakilo city,21.3469,-158.0858,22.53,68.0,0.0,4.12,US,1651227168.0
longyearbyen,78.2186,15.6401,-12.09,52.0,20.0,6.17,SJ,1651227168.0
saskylakh,71.9167,114.0833,-5.63,90.0,100.0,2.94,RU,1651227168.0
mago,53.2514,140.1822,-1.4,84.0,100.0,2.52,RU,1651227168.0
daru,-9.0763,143.2092,26.67,83.0,49.0,4.63,PG,1651227168.0
broome,42.2506,-75.833,-1.17,76.0,0.0,3.09,US,1651227168.0
kavieng,-2.5744,150.7967,28.42,74.0,80.0,4.0,PG,1651227168.0
port-gentil,-0.7193,8.7815,28.98,79.0,40.0,2.57,GA,1651227168.0
kamenka,51.3223,42.7678,14.93,44.0,32.0,2.86,RU,1651227168.0
avarua,-21.2078,-159.775,27.03,83.0,75.0,5.66,CK,1651227168.0
bambous virieux,-20.3428,57.7575,28.14,65.0,40.0,5.66,MU,1651227169.0
carnarvon,-24.8667,113.6333,23.04,56.0,0.0,7.72,AU,1651227169.0
yulara,-25.2406,130.9889,20.71,53.0,66.0,7.21,AU,1651227169.0
goure,13.9835,10.2704,37.23,8.0,67.0,2.22,NE,1651227169.0
fortuna,40.5982,-124.1573,3.51,94.0,0.0,3.09,US,1651227169.0
kisangani,0.5167,25.2,22.55,98.0,100.0,0.69,CD,1651227169.0
siavonga,-16.5382,28.7088,25.54,53.0,43.0,1.27,ZM,1651227169.0
kodiak,57.79,-152.4072,4.73,81.0,100.0,5.66,US,1651227169.0
quesnel,52.9999,-122.5029,0.91,71.0,100.0,0.62,CA,1651227169.0
marsa matruh,31.3525,27.2453,23.3,53.0,62.0,8.05,EG,1651227169.0
lebu,-37.6167,-73.65,8.5,76.0,82.0,7.5,CL,1651227169.0
dikson,73.5069,80.5464,-9.19,91.0,99.0,9.28,RU,1651227169.0
college,64.8569,-147.8028,1.67,69.0,75.0,2.57,US,1651227169.0
rapid valley,44.0625,-103.1463,8.03,78.0,40.0,4.63,US,1651227170.0
sidi qasim,,,,,,,,
noumea,-22.2763,166.4572,24.44,99.0,100.0,6.11,NC,1651226884.0
arkadak,51.9326,43.4978,13.49,44.0,53.0,1.54,RU,1651227170.0
mana,5.6592,-53.7767,25.23,90.0,100.0,4.48,GF,1651227170.0
kiama,-34.6833,150.8667,22.27,84.0,17.0,2.68,AU,1651227170.0
orhangazi,40.4892,29.3089,20.74,66.0,16.0,4.54,TR,1651227170.0
zlatoustovsk,,,,,,,,
port elizabeth,-33.918,25.5701,20.66,72.0,20.0,14.4,ZA,1651226949.0
mabaruma,8.2,-59.7833,22.51,100.0,81.0,0.88,GY,1651227171.0
hauterive,46.0901,3.4459,18.42,54.0,62.0,1.23,FR,1651227171.0
pisco,-13.7,-76.2167,16.03,88.0,0.0,1.03,PE,1651227171.0
ilinsko-podomskoye,,,,,,,,
itapui,-22.2333,-48.7192,22.05,77.0,28.0,1.33,BR,1651227171.0
zirgan,53.2222,55.9185,11.88,47.0,8.0,5.8,RU,1651227171.0
havelock,34.8791,-76.9013,9.05,88.0,6.0,2.42,US,1651227171.0
venice,27.0998,-82.4543,20.15,92.0,0.0,4.12,US,1651226697.0
biak,-0.9131,122.8766,25.54,86.0,99.0,1.66,ID,1651227172.0
dengzhou,37.8086,120.7508,11.59,64.0,100.0,0.66,CN,1651227172.0
atherton,53.5237,-2.4935,11.91,52.0,8.0,0.45,GB,1651227172.0
chunan,24.5277,110.548,20.99,83.0,98.0,2.41,CN,1651227172.0
qafsah,,,,,,,,
thompson,55.7435,-97.8558,-2.47,99.0,90.0,1.31,CA,1651227172.0
tarut,26.5733,50.0369,30.12,41.0,100.0,6.26,SA,1651227173.0
caxias,38.7031,-9.2767,20.34,50.0,0.0,5.66,PT,1651226971.0
el campo,29.1966,-96.2697,19.99,100.0,75.0,2.57,US,1651227173.0
diamantino,-14.4086,-56.4461,19.9,72.0,89.0,2.02,BR,1651227112.0
biltine,14.5333,20.9167,37.66,21.0,12.0,3.26,TD,1651227173.0
kununurra,-15.7667,128.7333,29.99,62.0,64.0,2.06,AU,1651227173.0
brae,60.3964,-1.353,7.99,61.0,22.0,2.63,GB,1651227173.0
rio grande,-32.035,-52.0986,8.3,75.0,0.0,5.18,BR,1651227174.0
umm durman,,,,,,,,
hermanus,-34.4187,19.2345,17.17,74.0,66.0,7.14,ZA,1651227174.0
victoria,22.2855,114.1577,29.19,79.0,100.0,3.13,HK,1651227032.0
esperance,-33.8667,121.9,15.64,65.0,25.0,3.69,AU,1651227175.0
abnub,27.2696,31.1511,40.08,4.0,2.0,5.55,EG,1651227175.0
nelson bay,-32.7167,152.15,21.3,90.0,20.0,6.36,AU,1651227175.0
kampot,10.6167,104.1833,23.03,90.0,100.0,1.03,KH,1651227175.0
kazalinsk,,,,,,,,
kindu,-2.95,25.95,22.28,97.0,100.0,0.7,CD,1651227176.0
fare,-16.7,-151.0167,27.65,69.0,1.0,10.9,PF,1651227176.0
pomichna,48.2422,31.4158,9.61,73.0,100.0,4.26,UA,1651227176.0
bako,5.7833,36.5667,25.43,62.0,97.0,0.99,ET,1651227176.0
kabompo,-13.5927,24.2008,23.85,53.0,6.0,3.18,ZM,1651227176.0
groningen,53.25,6.75,10.03,66.0,100.0,4.12,NL,1651227112.0
aflu,,,,,,,,
manono,-7.3,27.4167,27.11,61.0,100.0,2.7,CD,1651227176.0
kulhudhuffushi,6.6221,73.07,29.73,69.0,96.0,2.07,MV,1651227177.0
solnechnyy,50.7214,136.6319,-0.74,93.0,78.0,1.38,RU,1651227177.0
salalah,17.0151,54.0924,32.05,66.0,20.0,5.66,OM,1651227089.0
gannan,47.9147,123.5031,9.75,42.0,100.0,4.99,CN,1651227177.0
limbang,4.75,115.0,30.59,92.0,100.0,0.55,MY,1651227177.0
santiago del estero,-27.7951,-64.2615,14.69,51.0,100.0,3.48,AR,1651227177.0
champerico,14.3,-91.9167,26.88,77.0,59.0,3.0,GT,1651227177.0
havre-saint-pierre,50.2334,-63.5986,0.42,96.0,100.0,10.36,CA,1651227177.0
bolshoy tsaryn,,,,,,,,
hendijan,,,,,,,,
denizli,37.8402,29.0698,28.41,30.0,6.0,2.01,TR,1651227027.0
qena,26.1615,32.7183,38.81,5.0,0.0,2.29,EG,1651227178.0
surat thani,9.1667,99.25,33.75,66.0,20.0,5.66,TH,1651226887.0
linqiong,30.4159,103.4609,21.9,67.0,99.0,2.88,CN,1651227178.0
klaksvik,62.2266,-6.589,8.51,72.0,57.0,2.03,FO,1651227178.0
matay,28.419,30.7792,39.4,4.0,48.0,5.97,EG,1651227178.0
wuchang,44.9143,127.15,15.47,26.0,87.0,2.61,CN,1651227178.0
cotonou,6.3654,2.4183,30.12,62.0,92.0,1.9,BJ,1651227129.0
bastia,42.6667,9.3333,19.42,38.0,0.0,2.57,FR,1651227122.0
luena,-11.7833,19.9167,24.47,47.0,9.0,4.07,AO,1651227178.0
baherden,38.4362,57.4316,31.51,24.0,84.0,3.66,TM,1651227178.0
lichuan,30.3,108.85,14.71,80.0,96.0,2.42,CN,1651227178.0
castro,-24.7911,-50.0119,15.76,94.0,36.0,1.13,BR,1651227179.0
moree,-29.4667,149.85,21.01,64.0,95.0,2.57,AU,1651227179.0
hohhot,40.8106,111.6522,11.59,16.0,100.0,8.7,CN,1651227179.0
okha,53.5739,142.9478,-0.88,96.0,100.0,7.11,RU,1651227179.0
lar gerd,,,,,,,,
bang saphan,11.2126,99.5117,32.54,58.0,98.0,1.16,TH,1651227179.0
lhokseumawe,5.1801,97.1507,29.97,73.0,64.0,4.83,ID,1651226970.0
tatarsk,55.219,75.9828,23.92,24.0,100.0,7.66,RU,1651227179.0
kargapolye,,,,,,,,
kearney,40.6995,-99.0815,15.82,91.0,20.0,8.23,US,1651227179.0
price,39.5994,-110.8107,7.59,45.0,0.0,6.69,US,1651227179.0
bengkulu,-3.8004,102.2655,27.66,81.0,96.0,1.86,ID,1651227179.0
tepetzintla,21.1667,-97.8333,20.69,96.0,39.0,0.63,MX,1651227179.0
jacobina,-11.1806,-40.5183,20.62,92.0,99.0,2.62,BR,1651227179.0
manokwari,-0.8667,134.0833,26.98,81.0,89.0,3.82,ID,1651227179.0
mahebourg,-20.4081,57.7,28.16,65.0,40.0,5.66,MU,1651227180.0
bilibino,68.0546,166.4372,-3.3,96.0,100.0,1.01,RU,1651227060.0
sinnai,39.3042,9.2036,18.81,53.0,0.0,2.06,IT,1651227180.0
sukhumi,43.0033,41.0153,18.78,73.0,100.0,1.61,GE,1651227072.0
moron,-34.6534,-58.6198,5.53,65.0,0.0,2.37,AR,1651227180.0
hithadhoo,-0.6,73.0833,29.53,69.0,99.0,2.43,MV,1651227180.0
nizhneyansk,,,,,,,,
cockburn town,21.4612,-71.1419,24.4,57.0,96.0,5.31,TC,1651227180.0
ancud,-41.8697,-73.8203,5.04,88.0,79.0,1.96,CL,1651227180.0
skjervoy,70.0311,20.9714,0.0,59.0,100.0,11.87,NO,1651227180.0
smolenka,52.1352,113.4974,9.04,18.0,20.0,4.0,RU,1651227180.0
huarmey,-10.0681,-78.1522,19.25,89.0,100.0,2.28,PE,1651227180.0
edeia,-17.3383,-49.9314,18.16,71.0,2.0,0.5,BR,1651227180.0
abu dhabi,24.4667,54.3667,37.06,57.0,11.0,4.93,AE,1651226899.0
kapoeta,4.7717,33.5903,30.45,43.0,90.0,8.1,SS,1651227181.0
mae sai,20.4335,99.8762,36.02,31.0,100.0,2.04,TH,1651227181.0
kaeo,-35.1,173.7833,12.96,95.0,64.0,4.58,NZ,1651227181.0
bowen,-20.0167,148.2333,23.82,77.0,32.0,6.95,AU,1651227181.0
nguiu,,,,,,,,
clyde river,70.4692,-68.5914,-14.87,92.0,100.0,6.69,CA,1651227048.0
sayat,38.7839,63.8803,33.14,15.0,4.0,4.54,TM,1651227181.0
galeana,24.8333,-100.0667,15.38,63.0,2.0,3.5,MX,1651227181.0
muscatine,41.4667,-91.1335,11.83,71.0,100.0,4.12,US,1651227182.0
nome,64.5011,-165.4064,3.03,82.0,100.0,2.06,US,1651227182.0
palabuhanratu,,,,,,,,
canutama,-6.5339,-64.3831,22.49,97.0,79.0,0.94,BR,1651227182.0
san luis,-33.295,-66.3356,6.52,43.0,0.0,2.92,AR,1651227079.0
cherskiy,68.75,161.3,-11.97,98.0,98.0,3.71,RU,1651227182.0
spolaita,38.6966,21.3464,18.19,34.0,100.0,2.59,GR,1651227182.0
takoradi,4.8845,-1.7554,28.57,72.0,50.0,1.88,GH,1651227182.0
ilulissat,69.2167,-51.1,-1.99,100.0,75.0,1.54,GL,1651227182.0
hobyo,5.3505,48.5268,31.82,55.0,35.0,4.55,SO,1651227182.0
ukiah,39.1502,-123.2078,4.93,86.0,0.0,0.0,US,1651226919.0
nabire,-3.3667,135.4833,26.36,85.0,100.0,0.63,ID,1651227182.0
panlaitan,12.1191,119.8486,29.5,71.0,100.0,6.3,PH,1651227182.0
dawei,14.0833,98.2,31.81,63.0,100.0,3.26,MM,1651227183.0
jumla,29.2747,82.1838,23.09,25.0,97.0,4.12,NP,1651227183.0
namatanai,-3.6667,152.4333,26.75,82.0,100.0,3.03,PG,1651227183.0
shieli,44.1667,66.75,30.93,15.0,25.0,6.19,KZ,1651227183.0
umzimvubu,,,,,,,,
tuatapere,-46.1333,167.6833,9.41,93.0,62.0,1.83,NZ,1651227183.0
chokurdakh,70.6333,147.9167,-17.97,99.0,37.0,0.88,RU,1651227183.0
tailai,46.3833,123.4,9.87,60.0,100.0,0.85,CN,1651227183.0
maceio,-9.6658,-35.7353,23.69,94.0,75.0,1.54,BR,1651227183.0
murighiol,45.0333,29.1667,16.36,54.0,98.0,4.14,RO,1651227183.0
hovd,48.0056,91.6419,13.5,15.0,6.0,3.43,MN,1651227183.0
oranjemund,-28.55,16.4333,17.59,65.0,81.0,5.1,NA,1651227184.0
gogrial,8.5332,28.1004,35.53,33.0,100.0,1.49,SS,1651227184.0
puerto cabezas,14.0351,-83.3888,24.32,85.0,100.0,3.37,NI,1651227184.0
taywarah,33.35,64.4167,19.88,19.0,5.0,3.03,AF,1651227184.0
rocha,-34.4833,-54.3333,7.15,77.0,1.0,2.93,UY,1651227184.0
anadyr,64.75,177.4833,-0.72,80.0,0.0,3.0,RU,1651227184.0
ketchikan,55.3422,-131.6461,1.26,100.0,0.0,1.54,US,1651227184.0
kosh-agach,50.0,88.6667,10.46,26.0,2.0,1.16,RU,1651227185.0
coihaique,-45.5752,-72.0662,-2.03,93.0,0.0,1.54,CL,1651227185.0
narrabri,-30.3167,149.7833,20.29,79.0,100.0,0.45,AU,1651227185.0
calvinia,-31.4707,19.776,12.63,66.0,56.0,5.02,ZA,1651227185.0
daman,20.4167,72.85,33.12,52.0,0.0,4.63,IN,1651227185.0
zamboanguita,9.1025,123.1996,27.34,84.0,95.0,3.31,PH,1651227185.0
palmer,42.1584,-72.3287,1.45,36.0,0.0,3.09,US,1651227185.0
malayal,7.208,121.942,27.46,83.0,84.0,0.78,PH,1651227185.0
dogondoutchi,13.6393,4.0287,36.89,9.0,100.0,1.58,NE,1651227186.0
portland,45.5234,-122.6762,7.9,91.0,100.0,1.54,US,1651226934.0
praya,14.9215,-23.5087,23.3,64.0,20.0,10.29,CV,1651227186.0
bezhetsk,57.7851,36.6965,7.79,41.0,96.0,5.26,RU,1651227186.0
luau,-10.7073,22.2247,25.45,52.0,18.0,2.46,AO,1651227186.0
davila,18.4726,120.5763,29.47,78.0,70.0,4.61,PH,1651227186.0
cayenne,4.9333,-52.3333,27.83,1.0,75.0,2.68,GF,1651227020.0
khatanga,71.9667,102.5,-4.52,86.0,100.0,6.65,RU,1651227186.0
lata,40.1629,-8.3327,23.05,49.0,8.0,2.61,PT,1651227187.0
ozgon,,,,,,,,
mongar,27.2747,91.2396,20.51,67.0,79.0,1.55,BT,1651227187.0
krasnogorskoye,52.2953,86.1979,22.06,27.0,83.0,0.35,RU,1651227187.0
chisindia,46.2833,22.1,15.68,65.0,93.0,0.93,RO,1651227187.0
batemans bay,-35.7167,150.1833,20.61,78.0,65.0,2.93,AU,1651227187.0
harper,4.375,-7.7169,28.97,71.0,75.0,1.13,LR,1651227187.0
petrykivka,48.7298,34.6351,16.21,41.0,100.0,5.16,UA,1651227187.0
hvide sande,56.0045,8.1294,11.03,82.0,40.0,6.17,DK,1651227187.0
vila franca do campo,37.7167,-25.4333,17.23,90.0,56.0,6.19,PT,1651227187.0
airai,-8.9266,125.4092,16.69,89.0,91.0,0.84,TL,1651227187.0
pontianak,-0.0333,109.3333,30.55,70.0,20.0,3.09,ID,1651227187.0
socha,5.9976,-72.6928,8.52,95.0,91.0,0.9,CO,1651227187.0
lagos,6.5833,3.75,33.73,49.0,100.0,1.35,NG,1651227106.0
lorengau,-2.0226,147.2712,27.62,76.0,97.0,0.84,PG,1651227188.0
vryburg,-26.9566,24.7284,22.78,39.0,35.0,8.13,ZA,1651227188.0
yozgat,39.5833,35.3333,22.24,35.0,6.0,1.85,TR,1651227063.0
imbituba,-28.24,-48.6703,20.48,84.0,100.0,5.01,BR,1651227188.0
naze,28.3667,129.4833,20.05,86.0,100.0,7.47,JP,1651227188.0
kedrovyy,56.1667,91.8167,20.23,50.0,100.0,5.26,RU,1651227188.0
tuy hoa,13.0833,109.3,24.74,92.0,100.0,2.78,VN,1651227188.0
grand-santi,4.25,-54.3833,22.26,100.0,100.0,0.69,GF,1651227188.0
bilma,18.6853,12.9164,37.66,5.0,92.0,3.5,NE,1651227188.0
havoysund,70.9963,24.6622,-0.87,63.0,100.0,12.91,NO,1651227188.0
bose,45.4612,8.0137,18.31,49.0,83.0,2.31,IT,1651227188.0
brownwood,31.7093,-98.9912,21.38,76.0,100.0,5.14,US,1651227188.0
goya,-29.14,-59.2626,9.96,74.0,0.0,3.65,AR,1651227189.0
morinville,53.8001,-113.652,1.38,80.0,36.0,3.78,CA,1651227189.0
kokopo,-4.352,152.2633,26.46,77.0,99.0,1.56,PG,1651227189.0
syamzha,60.0158,41.0614,6.35,35.0,100.0,4.34,RU,1651227189.0
gizo,-8.103,156.8419,28.68,71.0,97.0,2.11,SB,1651227189.0
bouna,9.2667,-3.0,32.33,44.0,100.0,1.31,CI,1651227189.0
banjar,-8.19,114.9675,27.62,86.0,47.0,1.79,ID,1651227189.0
nichinan,31.6,131.3667,18.21,79.0,53.0,2.49,JP,1651227189.0
marcona,,,,,,,,
platon sanchez,21.2833,-98.3667,21.76,94.0,20.0,0.93,MX,1651227189.0
soyo,-6.1349,12.3689,28.54,74.0,68.0,2.46,AO,1651227189.0
grootfontein,-19.5667,18.1167,24.9,30.0,9.0,4.21,NA,1651227189.0
palana,59.1167,159.9667,-2.06,82.0,79.0,4.3,RU,1651227189.0
zhigansk,66.7697,123.3711,0.25,93.0,89.0,5.12,RU,1651227190.0
itaituba,-4.2761,-55.9836,22.87,99.0,100.0,0.55,BR,1651227190.0
mwingi,-0.9344,38.0601,25.24,65.0,92.0,3.66,KE,1651227190.0
urdzhar,,,,,,,,
yuzhno-yeniseyskiy,,,,,,,,
hofn,64.2539,-15.2082,8.64,59.0,71.0,0.82,IS,1651227190.0
mount gambier,-37.8333,140.7667,12.95,94.0,75.0,5.66,AU,1651227190.0
roudnice,50.1762,15.6517,15.64,41.0,75.0,2.06,CZ,1651227191.0
acarau,-2.8856,-40.12,25.05,88.0,80.0,4.04,BR,1651227191.0
okato,-39.2,173.8833,11.56,85.0,0.0,2.24,NZ,1651227191.0
walvis bay,-22.9575,14.5053,24.66,42.0,0.0,7.21,NA,1651227039.0
hay river,60.8156,-115.7999,-4.8,90.0,11.0,3.79,CA,1651227191.0
rudsar,37.1376,50.288,20.99,69.0,100.0,2.2,IR,1651227192.0
baijiantan,45.6333,85.1833,23.5,12.0,1.0,4.57,CN,1651227192.0
upernavik,72.7868,-56.1549,-6.12,93.0,100.0,1.9,GL,1651227192.0
mirador,-6.3708,-44.3631,23.46,81.0,82.0,1.42,BR,1651227160.0
mayumba,-3.432,10.6554,28.04,73.0,99.0,0.46,GA,1651227192.0
manosque,43.8288,5.7869,21.98,43.0,1.0,2.57,FR,1651227192.0
ananas,19.2466,-71.9557,16.88,87.0,72.0,1.09,HT,1651227192.0
toliary,,,,,,,,
taltal,-25.4,-70.4833,15.35,84.0,99.0,0.97,CL,1651227193.0
qui nhon,13.7667,109.2333,25.56,89.0,100.0,4.13,VN,1651227193.0
guerrero negro,27.9769,-114.0611,14.01,76.0,4.0,7.6,MX,1651227193.0
santa cruz de la palma,28.6835,-17.7642,20.08,60.0,40.0,5.66,ES,1651227193.0
dedza,-14.3779,34.3332,17.99,64.0,62.0,1.59,MW,1651227193.0
yenagoa,4.9247,6.2642,31.51,62.0,76.0,1.57,NG,1651227193.0
saleaula,,,,,,,,
acapulco,16.8634,-99.8901,23.9,88.0,20.0,1.54,MX,1651227016.0
tsihombe,,,,,,,,
mangai,-4.05,19.5333,27.15,75.0,99.0,1.63,CD,1651227194.0
kjollefjord,70.9457,27.3465,-1.1,74.0,100.0,6.69,NO,1651227194.0
west lafayette,40.4259,-86.9081,10.5,69.0,100.0,4.12,US,1651227194.0
ulladulla,-35.35,150.4667,16.54,80.0,32.0,2.74,AU,1651227194.0
praia da vitoria,38.7333,-27.0667,18.2,94.0,46.0,9.13,PT,1651227194.0
lander,42.833,-108.7307,6.34,87.0,100.0,1.54,US,1651227028.0
richards bay,-28.783,32.0377,26.1,45.0,0.0,5.18,ZA,1651227194.0
harda,22.3333,77.1,43.95,7.0,5.0,4.7,IN,1651227194.0
svetlaya,46.5389,138.3297,5.91,66.0,87.0,2.65,RU,1651227194.0
petropavlovsk-kamchatskiy,53.0452,158.6483,3.33,75.0,75.0,1.0,RU,1651227194.0
ha tinh,18.3333,105.9,27.84,82.0,100.0,3.77,VN,1651227194.0
urengoy,65.9667,78.3667,-4.74,92.0,100.0,6.61,RU,1651227194.0
palmas,-10.2128,-48.3603,22.29,84.0,96.0,1.83,BR,1651226473.0
dingle,10.9995,122.6711,27.19,82.0,100.0,2.63,PH,1651227194.0
chase,50.8165,-119.6857,0.26,82.0,71.0,0.39,CA,1651227195.0
tirumullaivasal,11.2333,79.8333,32.82,62.0,24.0,7.55,IN,1651227195.0
yamethin,20.4333,96.15,39.33,23.0,53.0,2.95,MM,1651227195.0
saint-joseph,-21.3667,55.6167,27.57,75.0,29.0,2.35,RE,1651227195.0
kautokeino,69.0125,23.0412,-2.51,64.0,33.0,5.94,NO,1651227195.0
santa rosa,14.3122,121.1114,30.8,69.0,89.0,5.51,PH,1651227195.0
kibaya,-5.3,36.5667,21.45,62.0,96.0,3.13,TZ,1651227195.0
paamiut,61.994,-49.6678,2.06,97.0,100.0,4.84,GL,1651227195.0
essex,40.7834,-74.2163,3.91,40.0,0.0,4.63,US,1651227195.0
waitara,-38.925,174.25,12.12,83.0,4.0,2.99,NZ,1651227195.0
isangel,-19.55,169.2667,22.1,89.0,100.0,12.03,VU,1651227195.0
arlit,18.7369,7.3853,35.17,5.0,98.0,3.41,NE,1651227195.0
nouadhibou,20.931,-17.0347,19.28,70.0,68.0,6.48,MR,1651227195.0
porto nacional,-10.7081,-48.4172,24.0,81.0,96.0,1.36,BR,1651227196.0
gamba,-2.65,10.0,27.55,75.0,97.0,1.54,GA,1651227196.0
amderma,,,,,,,,
rio gallegos,-51.6226,-69.2181,1.03,86.0,0.0,6.69,AR,1651227196.0
san patricio,28.017,-97.5169,23.74,91.0,47.0,6.83,US,1651227196.0
oksfjord,70.2396,22.3479,-0.9,78.0,100.0,11.51,NO,1651227196.0
homer,59.6425,-151.5483,3.04,70.0,0.0,2.24,US,1651227196.0
nalut,30.3333,10.85,26.1,18.0,80.0,5.75,LY,1651227196.0
mikhaylovka,50.06,43.2379,18.21,39.0,17.0,2.22,RU,1651227196.0
balkhash,46.844,74.9804,23.34,18.0,0.0,10.0,KZ,1651227196.0
roros,62.5747,11.3842,1.91,64.0,75.0,4.63,NO,1651227196.0
plettenberg bay,-34.0527,23.3716,16.81,84.0,50.0,7.35,ZA,1651227196.0
haines junction,60.7522,-137.5108,-0.98,96.0,21.0,0.42,CA,1651227196.0
pasni,25.2631,63.471,31.46,61.0,0.0,10.35,PK,1651227196.0
lavrentiya,65.5833,-171.0,-2.21,96.0,89.0,3.52,RU,1651227197.0
brewster,41.3973,-73.6171,1.58,51.0,0.0,0.0,US,1651227197.0
ulaanbaatar,47.9077,106.8832,7.07,14.0,0.0,7.0,MN,1651227197.0
belmonte,-15.8631,-38.8828,23.36,87.0,41.0,2.95,BR,1651227197.0
querecotillo,-4.8378,-80.6456,21.36,74.0,35.0,3.46,PE,1651227197.0
luderitz,-26.6481,15.1594,21.27,49.0,4.0,5.77,NA,1651227197.0
shingu,33.7333,135.9833,15.96,78.0,73.0,5.04,JP,1651227197.0
tura,25.5198,90.2201,22.4,83.0,47.0,4.09,IN,1651227197.0
prince george,53.9166,-122.753,0.14,87.0,100.0,0.45,CA,1651227197.0
cockburn harbour,,,,,,,,
vaitape,-16.5167,-151.75,27.71,71.0,1.0,10.11,PF,1651227197.0
matara,5.9485,80.5353,31.19,65.0,80.0,5.49,LK,1651227197.0
den helder,52.9599,4.7593,9.06,72.0,100.0,6.26,NL,1651226961.0
marsh harbour,26.5412,-77.0636,22.34,80.0,4.0,6.27,BS,1651227198.0
buta,2.7858,24.73,31.95,47.0,100.0,1.49,CD,1651227198.0
tiznit,29.5833,-9.5,21.59,33.0,97.0,2.11,MA,1651227198.0
lynchburg,37.4138,-79.1423,10.52,50.0,100.0,1.54,US,1651227198.0
petrovsk,52.3064,45.3917,12.37,42.0,14.0,1.7,RU,1651227198.0
krasnovishersk,60.4078,57.082,2.41,57.0,100.0,2.77,RU,1651227005.0
chernyshevskiy,63.0128,112.4714,4.22,84.0,59.0,4.21,RU,1651227198.0
nizhniy chir,48.3597,43.0865,16.96,40.0,100.0,4.65,RU,1651227198.0
san jose,37.3394,-121.895,7.12,79.0,0.0,1.34,US,1651227127.0
nemuro,43.3236,145.575,5.29,73.0,100.0,0.65,JP,1651227198.0
port blair,11.6667,92.75,30.42,67.0,99.0,0.87,IN,1651227198.0
pascagoula,30.3658,-88.5561,18.43,97.0,100.0,0.0,US,1651227198.0
atar,20.5169,-13.0499,29.41,16.0,1.0,4.77,MR,1651227198.0
moindou,-21.6924,165.677,21.69,81.0,100.0,2.56,NC,1651227198.0
ngukurr,,,,,,,,
barybino,55.2677,37.8933,7.81,26.0,0.0,4.0,RU,1651227199.0
abu zabad,12.35,29.25,39.32,9.0,7.0,5.51,SD,1651227200.0
pingliang,35.5392,106.6861,13.1,57.0,100.0,2.02,CN,1651227201.0
yarada,17.65,83.2667,33.18,66.0,20.0,5.14,IN,1651227201.0
marfino,55.7028,37.3822,8.13,31.0,0.0,5.0,RU,1651227201.0
mitsamiouli,-11.3847,43.2844,27.29,71.0,80.0,7.22,KM,1651227201.0
wulanhaote,,,,,,,,
patacamaya,-17.2333,-67.9167,5.5,82.0,100.0,2.06,BO,1651227201.0
imperial,33.0334,-115.4175,15.48,57.0,0.0,2.29,US,1651227201.0
salamiyah,35.0113,37.0532,28.6,26.0,0.0,2.13,SY,1651227201.0
reo,12.3167,-2.4667,35.22,28.0,96.0,2.64,BF,1651227201.0
tselinnoye,53.0833,85.6667,21.84,32.0,98.0,3.91,RU,1651227201.0
bria,6.5423,21.9863,33.27,41.0,100.0,1.85,CF,1651227201.0
smithfield,41.922,-71.5495,2.78,42.0,0.0,4.12,US,1651227201.0
codrington,-38.2667,141.9667,14.73,84.0,100.0,4.43,AU,1651227201.0
kargasok,59.0556,80.8572,20.4,51.0,99.0,7.16,RU,1651227201.0
dicabisagan,17.0818,122.4157,27.78,84.0,25.0,3.13,PH,1651227202.0
lianran,24.9227,102.485,27.3,19.0,7.0,6.33,CN,1651227202.0
la palma,33.8464,-118.0467,12.31,86.0,75.0,0.0,US,1651227202.0
doha,25.2867,51.5333,32.99,25.0,40.0,11.83,QA,1651227155.0
houston,29.7633,-95.3633,20.6,88.0,75.0,4.63,US,1651226925.0
deltona,28.9005,-81.2637,17.5,84.0,0.0,2.06,US,1651227202.0
khonuu,,,,,,,,
central point,42.376,-122.9164,4.55,81.0,20.0,2.57,US,1651227202.0
margate,51.3813,1.3862,10.39,74.0,100.0,4.02,GB,1651227157.0
coquimbo,-29.9533,-71.3436,10.85,100.0,75.0,1.54,CL,1651226961.0
zhanaozen,43.3,52.8,29.05,23.0,3.0,4.6,KZ,1651227202.0
fairbanks,64.8378,-147.7164,1.83,70.0,100.0,2.57,US,1651227202.0
yining,29.0361,114.5636,14.84,87.0,100.0,0.67,CN,1651227202.0
gazojak,41.1875,61.4036,30.91,15.0,7.0,3.65,TM,1651227202.0
formoso do araguaia,,,,,,,,
yumen,40.2833,97.2,13.64,20.0,99.0,4.28,CN,1651227203.0
luxor,25.6989,32.6421,39.18,4.0,0.0,2.42,EG,1651227152.0
chuguyevka,44.1653,133.8633,7.25,36.0,0.0,1.08,RU,1651227203.0
tafresh,34.692,50.013,15.29,51.0,100.0,1.98,IR,1651227203.0
kailua,21.4022,-157.7394,23.62,78.0,20.0,4.12,US,1651227203.0
agirish,61.9247,63.0231,0.87,60.0,100.0,3.2,RU,1651227203.0
half moon bay,37.4636,-122.4286,7.44,86.0,0.0,3.09,US,1651227203.0
aykhal,66.0,111.5,1.43,95.0,100.0,7.07,RU,1651227203.0
ponta do sol,32.6667,-17.1,18.75,76.0,92.0,0.49,PT,1651227203.0
kananga,-5.8958,22.4178,24.99,83.0,71.0,1.09,CD,1651227203.0
nelson,-41.2833,173.2833,10.94,100.0,4.0,1.34,NZ,1651227203.0
leshukonskoye,64.8989,45.7622,0.5,82.0,100.0,4.18,RU,1651227203.0
kuche,,,,,,,,
erzin,36.9559,36.2,27.96,39.0,0.0,2.07,TR,1651227203.0
poya,-21.35,165.15,21.29,84.0,100.0,2.29,NC,1651227204.0
san angelo,31.4638,-100.437,22.17,76.0,100.0,5.66,US,1651227204.0
neyshabur,36.2133,58.7958,28.41,16.0,78.0,1.52,IR,1651227204.0
dondo,-19.6094,34.7431,26.73,60.0,0.0,2.0,MZ,1651227204.0
hualmay,-11.0964,-77.6139,18.74,89.0,93.0,2.61,PE,1651227204.0
marsassoum,12.8275,-15.9806,31.91,18.0,59.0,4.18,SN,1651227204.0
khuzhir,53.1939,107.3397,0.46,75.0,39.0,0.57,RU,1651227204.0
jalingo,8.8833,11.3667,33.38,42.0,94.0,2.61,NG,1651227204.0
newport,51.5877,-2.9984,12.45,67.0,23.0,3.93,GB,1651227204.0
coahuayana,18.7333,-103.6833,21.34,73.0,3.0,0.8,MX,1651227204.0
san ignacio,17.1561,-89.0714,23.08,94.0,40.0,0.0,BZ,1651227204.0
santa rosalia,27.3167,-112.2833,16.33,30.0,2.0,5.35,MX,1651227204.0
port augusta,-32.5,137.7667,16.32,79.0,100.0,3.27,AU,1651227204.0
bathsheba,13.2167,-59.5167,27.34,89.0,75.0,6.17,BB,1651227205.0
cusset,46.13,3.4596,18.19,54.0,62.0,1.33,FR,1651227205.0
huangnihe,43.5583,128.0239,11.95,35.0,65.0,2.43,CN,1651227205.0
aklavik,68.2191,-135.0107,-11.02,95.0,37.0,3.71,CA,1651227205.0
trincomalee,8.5711,81.2335,30.03,69.0,97.0,4.24,LK,1651227205.0
grenada,37.1882,-3.6067,15.07,64.0,20.0,1.54,ES,1651227202.0
abhar,36.1468,49.218,17.27,49.0,100.0,6.04,IR,1651227145.0
bethanien,-26.502,17.1583,27.31,23.0,7.0,7.81,NA,1651227205.0
ilek,51.5271,53.3831,15.22,44.0,3.0,5.82,RU,1651227205.0
kichmengskiy gorodok,59.9816,45.7854,6.11,30.0,98.0,4.18,RU,1651227205.0
wajir,1.7471,40.0573,30.83,52.0,79.0,5.19,KE,1651227205.0
flinders,-34.5833,150.8552,21.96,85.0,19.0,2.24,AU,1651227205.0
brovst,57.0956,9.528,7.96,87.0,75.0,2.06,DK,1651227185.0
severodvinsk,64.5635,39.8302,2.06,64.0,100.0,5.28,RU,1651226973.0
kupang,-10.1667,123.5833,26.46,78.0,59.0,1.49,ID,1651226978.0
caraballeda,10.6112,-66.8522,24.04,78.0,75.0,0.0,VE,1651227206.0
belyy yar,53.6039,91.3903,23.25,16.0,0.0,5.0,RU,1651227206.0
kulykiv,50.3142,24.8176,13.45,56.0,25.0,3.01,UA,1651227206.0
fukue,32.6881,128.8419,14.63,72.0,100.0,13.1,JP,1651227206.0
higuey,,,,,,,,
dzhusaly,,,,,,,,
rawson,-43.3002,-65.1023,5.13,47.0,5.0,4.41,AR,1651227206.0
flin flon,54.7682,-101.865,-2.29,99.0,87.0,1.61,CA,1651227206.0
kismayo,-0.3582,42.5454,30.21,66.0,86.0,5.89,SO,1651227206.0
crab hill,,,,,,,,
venkatagiri,13.9667,79.5833,40.26,17.0,10.0,5.02,IN,1651227207.0
kigoma,-4.8769,29.6267,25.73,65.0,99.0,2.92,TZ,1651227207.0
verkhovazhye,60.7472,42.0465,6.63,33.0,87.0,4.54,RU,1651227207.0
arrecife,28.963,-13.5477,19.99,60.0,20.0,9.77,ES,1651227067.0
orbetello,42.4408,11.2196,20.33,41.0,0.0,5.73,IT,1651227207.0
muisne,0.6,-80.0333,24.55,90.0,100.0,2.22,EC,1651227207.0
nieuw amsterdam,5.8833,-55.0833,25.01,93.0,91.0,2.62,SR,1651227207.0
phonhong,18.5007,102.4166,35.64,41.0,75.0,2.09,LA,1651227207.0
hella,67.2,14.4333,1.3,87.0,75.0,6.69,NO,1651227207.0
banes,20.9625,-75.7186,22.0,78.0,82.0,3.61,CU,1651227207.0
bail hongal,15.8167,74.8667,35.58,19.0,58.0,2.84,IN,1651227207.0
erenhot,43.6475,111.9767,9.36,13.0,2.0,7.07,CN,1651227207.0
piacabucu,-10.4056,-36.4344,25.35,82.0,96.0,4.35,BR,1651227207.0
rigaud,45.4793,-74.3024,-0.41,51.0,1.0,3.85,CA,1651227207.0
leon valley,29.4952,-98.6186,21.74,78.0,75.0,5.14,US,1651227208.0
norden,53.6,7.2,9.56,71.0,100.0,4.73,DE,1651227105.0
puro,12.4841,123.3827,28.54,77.0,98.0,4.14,PH,1651227208.0
ebebiyin,2.1511,11.3353,22.26,94.0,100.0,0.85,GQ,1651227208.0
saint-georges,12.0564,-61.7485,26.82,89.0,20.0,6.17,GD,1651227208.0
umm kaddadah,13.6017,26.6876,39.4,6.0,27.0,7.43,SD,1651227208.0
aliwal north,-30.6937,26.7114,19.61,49.0,27.0,9.13,ZA,1651227208.0
tortoli,39.9256,9.6572,19.16,48.0,99.0,5.06,IT,1651227208.0
santa barbara,34.7333,-120.0343,4.74,100.0,100.0,2.57,US,1651227208.0
barcelos,41.5388,-8.6151,21.49,49.0,7.0,1.13,PT,1651227208.0
ambodifototra,,,,,,,,
beyneu,45.3167,55.2,28.51,16.0,34.0,2.68,KZ,1651227209.0
genhe,50.7833,121.5167,0.56,84.0,100.0,6.85,CN,1651227209.0
shalya,57.2471,58.7298,5.48,37.0,32.0,3.51,RU,1651227209.0
seddon,-37.8068,144.8916,15.73,91.0,75.0,9.77,AU,1651227209.0
ust-tsilma,65.441,52.1498,2.31,62.0,100.0,4.68,RU,1651227209.0
sagaing,21.8787,95.9797,43.03,15.0,22.0,4.42,MM,1651227209.0
rawannawi,,,,,,,,
batagay-alyta,67.8006,130.4114,-6.56,88.0,27.0,1.89,RU,1651227209.0
northam,51.0333,-4.2167,12.92,69.0,96.0,3.51,GB,1651227139.0
west wendover,40.7391,-114.0733,6.56,45.0,20.0,2.06,US,1651227209.0
roald,62.5833,6.1333,5.99,70.0,75.0,3.6,NO,1651227209.0
vila velha,-20.3297,-40.2925,22.19,90.0,0.0,1.54,BR,1651227012.0
xambioa,-6.4111,-48.5364,23.49,87.0,99.0,0.99,BR,1651227209.0
tokur,53.1333,132.9,-3.32,83.0,65.0,1.26,RU,1651227210.0
tilichiki,60.4667,166.1,-1.97,88.0,69.0,3.61,RU,1651227210.0
kurtamysh,54.9103,64.4319,11.59,57.0,78.0,3.88,RU,1651227049.0
merauke,-8.4667,140.3333,27.25,82.0,80.0,5.79,ID,1651227210.0
